SET IDENTITY_INSERT [dbo].[Areas] ON
INSERT INTO [dbo].[Areas] ([AreasId], [Nombre]) VALUES (1, N'Sanidad')
INSERT INTO [dbo].[Areas] ([AreasId], [Nombre]) VALUES (2, N'Consultoría')
INSERT INTO [dbo].[Areas] ([AreasId], [Nombre]) VALUES (3, N'Educación')
INSERT INTO [dbo].[Areas] ([AreasId], [Nombre]) VALUES (4, N'Seguridad')
INSERT INTO [dbo].[Areas] ([AreasId], [Nombre]) VALUES (5, N'Construcción')
INSERT INTO [dbo].[Areas] ([AreasId], [Nombre]) VALUES (6, N'Transporte')
INSERT INTO [dbo].[Areas] ([AreasId], [Nombre]) VALUES (7, N'TIC')
INSERT INTO [dbo].[Areas] ([AreasId], [Nombre]) VALUES (8, N'Ingeniería')
INSERT INTO [dbo].[Areas] ([AreasId], [Nombre]) VALUES (9, N'Hogar')
INSERT INTO [dbo].[Areas] ([AreasId], [Nombre]) VALUES (10, N'Alimentación')
INSERT INTO [dbo].[Areas] ([AreasId], [Nombre]) VALUES (11, N'Textil')
INSERT INTO [dbo].[Areas] ([AreasId], [Nombre]) VALUES (12, N'Comercio')
INSERT INTO [dbo].[Areas] ([AreasId], [Nombre]) VALUES (13, N'Hostelería')
INSERT INTO [dbo].[Areas] ([AreasId], [Nombre]) VALUES (14, N'Administración')
INSERT INTO [dbo].[Areas] ([AreasId], [Nombre]) VALUES (15, N'Automóviles')
INSERT INTO [dbo].[Areas] ([AreasId], [Nombre]) VALUES (16, N'Reparaciones')
INSERT INTO [dbo].[Areas] ([AreasId], [Nombre]) VALUES (17, N'Banca')
INSERT INTO [dbo].[Areas] ([AreasId], [Nombre]) VALUES (18, N'Maquinaria')
SET IDENTITY_INSERT [dbo].[Areas] OFF

SET IDENTITY_INSERT [dbo].[TiposInversiones] ON
INSERT INTO [dbo].[TiposInversiones] ([TiposInversionesId], [Nombre]) VALUES (1, N'Business Angels')
INSERT INTO [dbo].[TiposInversiones] ([TiposInversionesId], [Nombre]) VALUES (2, N'Crownfunding')
INSERT INTO [dbo].[TiposInversiones] ([TiposInversionesId], [Nombre]) VALUES (3, N'Venture Capital')
SET IDENTITY_INSERT [dbo].[TiposInversiones] OFF

SET IDENTITY_INSERT [dbo].[Rating] ON
INSERT INTO [dbo].[Rating] ([RatingId], [Nombre]) VALUES (1, N'A')
INSERT INTO [dbo].[Rating] ([RatingId], [Nombre]) VALUES (2, N'B')
INSERT INTO [dbo].[Rating] ([RatingId], [Nombre]) VALUES (3, N'C')
INSERT INTO [dbo].[Rating] ([RatingId], [Nombre]) VALUES (4, N'D')
INSERT INTO [dbo].[Rating] ([RatingId], [Nombre]) VALUES (5, N'F')
SET IDENTITY_INSERT [dbo].[Rating] OFF

SET IDENTITY_INSERT [dbo].[Proyecto] ON
INSERT INTO [dbo].[Proyecto] ([ProyectoId], [FechaExpiracion], [Importe], [Interes], [MinInversion], [Nombre], [NumInversores], [Plazo], [Progreso], [RatingId]) VALUES (1, N'2019-01-23 00:00:00', 30000, 5.9, 50, N'E-MEDICA', 0, 12, 0, 3)
INSERT INTO [dbo].[Proyecto] ([ProyectoId], [FechaExpiracion], [Importe], [Interes], [MinInversion], [Nombre], [NumInversores], [Plazo], [Progreso], [RatingId]) VALUES (2, N'2019-01-14 00:00:00', 70000, 7.25, 0, N'PROTOS', 0, 48, 0, 4)
INSERT INTO [dbo].[Proyecto] ([ProyectoId], [FechaExpiracion], [Importe], [Interes], [MinInversion], [Nombre], [NumInversores], [Plazo], [Progreso], [RatingId]) VALUES (3, N'2019-02-02 00:00:00', 93000, 4.5, 100, N'SUBSOLE', 0, 6, 0, 2)
INSERT INTO [dbo].[Proyecto] ([ProyectoId], [FechaExpiracion], [Importe], [Interes], [MinInversion], [Nombre], [NumInversores], [Plazo], [Progreso], [RatingId]) VALUES (4, N'2019-01-05 00:00:00', 20000, 3.75, 200, N'GREEN B2E', 0, 12, 0, 1)
INSERT INTO [dbo].[Proyecto] ([ProyectoId], [FechaExpiracion], [Importe], [Interes], [MinInversion], [Nombre], [NumInversores], [Plazo], [Progreso], [RatingId]) VALUES (5, N'2018-12-26 00:00:00', 100000, 3.35, 400, N'YOMEE ENERGY', 0, 6, 0, 1)
INSERT INTO [dbo].[Proyecto] ([ProyectoId], [FechaExpiracion], [Importe], [Interes], [MinInversion], [Nombre], [NumInversores], [Plazo], [Progreso], [RatingId]) VALUES (6, N'2019-02-06 00:00:00', 75000, 4, 200, N'STC', 0, 12, 0, 2)
INSERT INTO [dbo].[Proyecto] ([ProyectoId], [FechaExpiracion], [Importe], [Interes], [MinInversion], [Nombre], [NumInversores], [Plazo], [Progreso], [RatingId]) VALUES (7, N'2019-01-12 00:00:00', 200000, 7.15, 50, N'VAINSA', 0, 36, 0, 3)
INSERT INTO [dbo].[Proyecto] ([ProyectoId], [FechaExpiracion], [Importe], [Interes], [MinInversion], [Nombre], [NumInversores], [Plazo], [Progreso], [RatingId]) VALUES (8, N'2019-01-08 00:00:00', 100000, 4.5, 250, N'KLANTEC', 0, 4, 0, 2)
INSERT INTO [dbo].[Proyecto] ([ProyectoId], [FechaExpiracion], [Importe], [Interes], [MinInversion], [Nombre], [NumInversores], [Plazo], [Progreso], [RatingId]) VALUES (9, N'2019-03-02 00:00:00', 60000, 2.25, 500, N'BEMYGENE', 0, 48, 0, 1)
INSERT INTO [dbo].[Proyecto] ([ProyectoId], [FechaExpiracion], [Importe], [Interes], [MinInversion], [Nombre], [NumInversores], [Plazo], [Progreso], [RatingId]) VALUES (10, N'2018-12-28 00:00:00', 30000, 6.25, 0, N'ALVE', 0, 12, 0, 3)
INSERT INTO [dbo].[Proyecto] ([ProyectoId], [FechaExpiracion], [Importe], [Interes], [MinInversion], [Nombre], [NumInversores], [Plazo], [Progreso], [RatingId]) VALUES (11, N'2019-01-03 00:00:00', 60000, 7.35, 0, N'JIZ OPERACIONES', 0, 48, 0, 3)
INSERT INTO [dbo].[Proyecto] ([ProyectoId], [FechaExpiracion], [Importe], [Interes], [MinInversion], [Nombre], [NumInversores], [Plazo], [Progreso], [RatingId]) VALUES (12, N'2019-02-05 00:00:00', 75000, 4.25, 75, N'BV CARGO', 0, 15, 0, 2)
INSERT INTO [dbo].[Proyecto] ([ProyectoId], [FechaExpiracion], [Importe], [Interes], [MinInversion], [Nombre], [NumInversores], [Plazo], [Progreso], [RatingId]) VALUES (13, N'2019-03-03 00:00:00', 20000, 6.75, 0, N'MC LOGISTICA', 0, 12, 0, 4)
INSERT INTO [dbo].[Proyecto] ([ProyectoId], [FechaExpiracion], [Importe], [Interes], [MinInversion], [Nombre], [NumInversores], [Plazo], [Progreso], [RatingId]) VALUES (14, N'2018-12-27 00:00:00', 40000, 6.5, 0, N'IBEROPE', 0, 24, 0, 3)
INSERT INTO [dbo].[Proyecto] ([ProyectoId], [FechaExpiracion], [Importe], [Interes], [MinInversion], [Nombre], [NumInversores], [Plazo], [Progreso], [RatingId]) VALUES (15, N'2019-01-18 00:00:00', 30000, 6.25, 100, N'FUTUR JUST', 0, 12, 0, 2)
INSERT INTO [dbo].[Proyecto] ([ProyectoId], [FechaExpiracion], [Importe], [Interes], [MinInversion], [Nombre], [NumInversores], [Plazo], [Progreso], [RatingId]) VALUES (16, N'2019-01-10 00:00:00', 50000, 6, 50, N'GRUPO EFFORT', 0, 24, 0, 2)
INSERT INTO [dbo].[Proyecto] ([ProyectoId], [FechaExpiracion], [Importe], [Interes], [MinInversion], [Nombre], [NumInversores], [Plazo], [Progreso], [RatingId]) VALUES (17, N'2019-02-11 00:00:00', 40000, 5.5, 100, N'HORTENSIA MAESO', 0, 24, 0, 2)
INSERT INTO [dbo].[Proyecto] ([ProyectoId], [FechaExpiracion], [Importe], [Interes], [MinInversion], [Nombre], [NumInversores], [Plazo], [Progreso], [RatingId]) VALUES (18, N'2019-01-19 00:00:00', 30000, 7, 0, N'HAPPY PILLS', 0, 18, 0, 4)
INSERT INTO [dbo].[Proyecto] ([ProyectoId], [FechaExpiracion], [Importe], [Interes], [MinInversion], [Nombre], [NumInversores], [Plazo], [Progreso], [RatingId]) VALUES (19, N'2019-01-29 00:00:00', 15000, 4.5, 75, N'JUGUETERIA LMC', 0, 4, 0, 1)
INSERT INTO [dbo].[Proyecto] ([ProyectoId], [FechaExpiracion], [Importe], [Interes], [MinInversion], [Nombre], [NumInversores], [Plazo], [Progreso], [RatingId]) VALUES (20, N'2019-03-03 00:00:00', 12000, 7, 0, N'DOCE', 0, 15, 0, 4)
INSERT INTO [dbo].[Proyecto] ([ProyectoId], [FechaExpiracion], [Importe], [Interes], [MinInversion], [Nombre], [NumInversores], [Plazo], [Progreso], [RatingId]) VALUES (21, N'2019-04-02 00:00:00', 30000, 6.75, 0, N'OT MEDITERRANI', 0, 24, 0, 3)
INSERT INTO [dbo].[Proyecto] ([ProyectoId], [FechaExpiracion], [Importe], [Interes], [MinInversion], [Nombre], [NumInversores], [Plazo], [Progreso], [RatingId]) VALUES (22, N'2019-02-09 00:00:00', 50000, 5.5, 100, N'REJI', 0, 48, 0, 2)
INSERT INTO [dbo].[Proyecto] ([ProyectoId], [FechaExpiracion], [Importe], [Interes], [MinInversion], [Nombre], [NumInversores], [Plazo], [Progreso], [RatingId]) VALUES (23, N'2019-02-09 00:00:00', 64000, 0.4, 50, N'STOYKE', 0, 1, 0, NULL)
INSERT INTO [dbo].[Proyecto] ([ProyectoId], [FechaExpiracion], [Importe], [Interes], [MinInversion], [Nombre], [NumInversores], [Plazo], [Progreso], [RatingId]) VALUES (24, N'2019-02-09 00:00:00', 456000, NULL, 500, N'MYRED', 0, NULL, 0, NULL)
INSERT INTO [dbo].[Proyecto] ([ProyectoId], [FechaExpiracion], [Importe], [Interes], [MinInversion], [Nombre], [NumInversores], [Plazo], [Progreso], [RatingId]) VALUES (25, N'2019-02-09 00:00:00', 56000, NULL, 900, N'JUST NOW', 0, NULL, 0, NULL)
INSERT INTO [dbo].[Proyecto] ([ProyectoId], [FechaExpiracion], [Importe], [Interes], [MinInversion], [Nombre], [NumInversores], [Plazo], [Progreso], [RatingId]) VALUES (26, N'2019-02-09 00:00:00', 100000, NULL, 1000, N'POCHOLO RULES', 0, NULL, 0, NULL)
SET IDENTITY_INSERT [dbo].[Proyecto] OFF

SET IDENTITY_INSERT [dbo].[ProyectoAreas] ON
INSERT INTO [dbo].[ProyectoAreas] ([ProyectoAreasId], [AreasId], [ProyectoId]) VALUES (1, 1, 1)
INSERT INTO [dbo].[ProyectoAreas] ([ProyectoAreasId], [AreasId], [ProyectoId]) VALUES (2, 3, 2)
INSERT INTO [dbo].[ProyectoAreas] ([ProyectoAreasId], [AreasId], [ProyectoId]) VALUES (3, 10, 3)
INSERT INTO [dbo].[ProyectoAreas] ([ProyectoAreasId], [AreasId], [ProyectoId]) VALUES (4, 2, 4)
INSERT INTO [dbo].[ProyectoAreas] ([ProyectoAreasId], [AreasId], [ProyectoId]) VALUES (5, 5, 5)
INSERT INTO [dbo].[ProyectoAreas] ([ProyectoAreasId], [AreasId], [ProyectoId]) VALUES (6, 4, 6)
INSERT INTO [dbo].[ProyectoAreas] ([ProyectoAreasId], [AreasId], [ProyectoId]) VALUES (7, 5, 7)
INSERT INTO [dbo].[ProyectoAreas] ([ProyectoAreasId], [AreasId], [ProyectoId]) VALUES (8, 8, 8)
INSERT INTO [dbo].[ProyectoAreas] ([ProyectoAreasId], [AreasId], [ProyectoId]) VALUES (9, 1, 9)
INSERT INTO [dbo].[ProyectoAreas] ([ProyectoAreasId], [AreasId], [ProyectoId]) VALUES (10, 18, 10)
INSERT INTO [dbo].[ProyectoAreas] ([ProyectoAreasId], [AreasId], [ProyectoId]) VALUES (11, 6, 11)
INSERT INTO [dbo].[ProyectoAreas] ([ProyectoAreasId], [AreasId], [ProyectoId]) VALUES (12, 6, 12)
INSERT INTO [dbo].[ProyectoAreas] ([ProyectoAreasId], [AreasId], [ProyectoId]) VALUES (13, 6, 13)
INSERT INTO [dbo].[ProyectoAreas] ([ProyectoAreasId], [AreasId], [ProyectoId]) VALUES (14, 10, 14)
INSERT INTO [dbo].[ProyectoAreas] ([ProyectoAreasId], [AreasId], [ProyectoId]) VALUES (15, 10, 15)
INSERT INTO [dbo].[ProyectoAreas] ([ProyectoAreasId], [AreasId], [ProyectoId]) VALUES (16, 14, 16)
INSERT INTO [dbo].[ProyectoAreas] ([ProyectoAreasId], [AreasId], [ProyectoId]) VALUES (17, 11, 17)
INSERT INTO [dbo].[ProyectoAreas] ([ProyectoAreasId], [AreasId], [ProyectoId]) VALUES (18, 18, 18)
INSERT INTO [dbo].[ProyectoAreas] ([ProyectoAreasId], [AreasId], [ProyectoId]) VALUES (19, 12, 19)
INSERT INTO [dbo].[ProyectoAreas] ([ProyectoAreasId], [AreasId], [ProyectoId]) VALUES (20, 13, 20)
INSERT INTO [dbo].[ProyectoAreas] ([ProyectoAreasId], [AreasId], [ProyectoId]) VALUES (21, 12, 21)
INSERT INTO [dbo].[ProyectoAreas] ([ProyectoAreasId], [AreasId], [ProyectoId]) VALUES (22, 15, 22)
INSERT INTO [dbo].[ProyectoAreas] ([ProyectoAreasId], [AreasId], [ProyectoId]) VALUES (23, 15, 23)
INSERT INTO [dbo].[ProyectoAreas] ([ProyectoAreasId], [AreasId], [ProyectoId]) VALUES (24, 17, 23)
INSERT INTO [dbo].[ProyectoAreas] ([ProyectoAreasId], [AreasId], [ProyectoId]) VALUES (25, 14, 24)
INSERT INTO [dbo].[ProyectoAreas] ([ProyectoAreasId], [AreasId], [ProyectoId]) VALUES (26, 1, 25)
INSERT INTO [dbo].[ProyectoAreas] ([ProyectoAreasId], [AreasId], [ProyectoId]) VALUES (27, 18, 25)
INSERT INTO [dbo].[ProyectoAreas] ([ProyectoAreasId], [AreasId], [ProyectoId]) VALUES (28, 10, 25)
INSERT INTO [dbo].[ProyectoAreas] ([ProyectoAreasId], [AreasId], [ProyectoId]) VALUES (29, 6, 26)
SET IDENTITY_INSERT [dbo].[ProyectoAreas] OFF

SET IDENTITY_INSERT [dbo].[ProyectoTiposInversiones] ON
INSERT INTO [dbo].[ProyectoTiposInversiones] ([ProyectoTiposInversionesId], [ProyectoId], [TiposInversionesId]) VALUES (1, 1, 1)
INSERT INTO [dbo].[ProyectoTiposInversiones] ([ProyectoTiposInversionesId], [ProyectoId], [TiposInversionesId]) VALUES (2, 1, 2)
INSERT INTO [dbo].[ProyectoTiposInversiones] ([ProyectoTiposInversionesId], [ProyectoId], [TiposInversionesId]) VALUES (3, 1, 3)
INSERT INTO [dbo].[ProyectoTiposInversiones] ([ProyectoTiposInversionesId], [ProyectoId], [TiposInversionesId]) VALUES (4, 2, 1)
INSERT INTO [dbo].[ProyectoTiposInversiones] ([ProyectoTiposInversionesId], [ProyectoId], [TiposInversionesId]) VALUES (5, 2, 2)
INSERT INTO [dbo].[ProyectoTiposInversiones] ([ProyectoTiposInversionesId], [ProyectoId], [TiposInversionesId]) VALUES (6, 3, 2)
INSERT INTO [dbo].[ProyectoTiposInversiones] ([ProyectoTiposInversionesId], [ProyectoId], [TiposInversionesId]) VALUES (7, 3, 3)
INSERT INTO [dbo].[ProyectoTiposInversiones] ([ProyectoTiposInversionesId], [ProyectoId], [TiposInversionesId]) VALUES (8, 4, 1)
INSERT INTO [dbo].[ProyectoTiposInversiones] ([ProyectoTiposInversionesId], [ProyectoId], [TiposInversionesId]) VALUES (9, 4, 2)
INSERT INTO [dbo].[ProyectoTiposInversiones] ([ProyectoTiposInversionesId], [ProyectoId], [TiposInversionesId]) VALUES (10, 4, 3)
INSERT INTO [dbo].[ProyectoTiposInversiones] ([ProyectoTiposInversionesId], [ProyectoId], [TiposInversionesId]) VALUES (11, 5, 1)
INSERT INTO [dbo].[ProyectoTiposInversiones] ([ProyectoTiposInversionesId], [ProyectoId], [TiposInversionesId]) VALUES (12, 5, 2)
INSERT INTO [dbo].[ProyectoTiposInversiones] ([ProyectoTiposInversionesId], [ProyectoId], [TiposInversionesId]) VALUES (13, 6, 2)
INSERT INTO [dbo].[ProyectoTiposInversiones] ([ProyectoTiposInversionesId], [ProyectoId], [TiposInversionesId]) VALUES (14, 6, 3)
INSERT INTO [dbo].[ProyectoTiposInversiones] ([ProyectoTiposInversionesId], [ProyectoId], [TiposInversionesId]) VALUES (15, 7, 1)
INSERT INTO [dbo].[ProyectoTiposInversiones] ([ProyectoTiposInversionesId], [ProyectoId], [TiposInversionesId]) VALUES (16, 7, 2)
INSERT INTO [dbo].[ProyectoTiposInversiones] ([ProyectoTiposInversionesId], [ProyectoId], [TiposInversionesId]) VALUES (17, 7, 3)
INSERT INTO [dbo].[ProyectoTiposInversiones] ([ProyectoTiposInversionesId], [ProyectoId], [TiposInversionesId]) VALUES (18, 8, 1)
INSERT INTO [dbo].[ProyectoTiposInversiones] ([ProyectoTiposInversionesId], [ProyectoId], [TiposInversionesId]) VALUES (19, 8, 2)
INSERT INTO [dbo].[ProyectoTiposInversiones] ([ProyectoTiposInversionesId], [ProyectoId], [TiposInversionesId]) VALUES (20, 9, 2)
INSERT INTO [dbo].[ProyectoTiposInversiones] ([ProyectoTiposInversionesId], [ProyectoId], [TiposInversionesId]) VALUES (21, 9, 3)
INSERT INTO [dbo].[ProyectoTiposInversiones] ([ProyectoTiposInversionesId], [ProyectoId], [TiposInversionesId]) VALUES (22, 10, 1)
INSERT INTO [dbo].[ProyectoTiposInversiones] ([ProyectoTiposInversionesId], [ProyectoId], [TiposInversionesId]) VALUES (23, 10, 2)
INSERT INTO [dbo].[ProyectoTiposInversiones] ([ProyectoTiposInversionesId], [ProyectoId], [TiposInversionesId]) VALUES (24, 10, 3)
INSERT INTO [dbo].[ProyectoTiposInversiones] ([ProyectoTiposInversionesId], [ProyectoId], [TiposInversionesId]) VALUES (25, 11, 1)
INSERT INTO [dbo].[ProyectoTiposInversiones] ([ProyectoTiposInversionesId], [ProyectoId], [TiposInversionesId]) VALUES (26, 11, 2)
INSERT INTO [dbo].[ProyectoTiposInversiones] ([ProyectoTiposInversionesId], [ProyectoId], [TiposInversionesId]) VALUES (27, 12, 2)
INSERT INTO [dbo].[ProyectoTiposInversiones] ([ProyectoTiposInversionesId], [ProyectoId], [TiposInversionesId]) VALUES (28, 12, 3)
INSERT INTO [dbo].[ProyectoTiposInversiones] ([ProyectoTiposInversionesId], [ProyectoId], [TiposInversionesId]) VALUES (29, 13, 1)
INSERT INTO [dbo].[ProyectoTiposInversiones] ([ProyectoTiposInversionesId], [ProyectoId], [TiposInversionesId]) VALUES (30, 13, 2)
INSERT INTO [dbo].[ProyectoTiposInversiones] ([ProyectoTiposInversionesId], [ProyectoId], [TiposInversionesId]) VALUES (31, 13, 3)
INSERT INTO [dbo].[ProyectoTiposInversiones] ([ProyectoTiposInversionesId], [ProyectoId], [TiposInversionesId]) VALUES (32, 14, 1)
INSERT INTO [dbo].[ProyectoTiposInversiones] ([ProyectoTiposInversionesId], [ProyectoId], [TiposInversionesId]) VALUES (33, 14, 2)
INSERT INTO [dbo].[ProyectoTiposInversiones] ([ProyectoTiposInversionesId], [ProyectoId], [TiposInversionesId]) VALUES (34, 15, 2)
INSERT INTO [dbo].[ProyectoTiposInversiones] ([ProyectoTiposInversionesId], [ProyectoId], [TiposInversionesId]) VALUES (35, 15, 3)
INSERT INTO [dbo].[ProyectoTiposInversiones] ([ProyectoTiposInversionesId], [ProyectoId], [TiposInversionesId]) VALUES (36, 16, 1)
INSERT INTO [dbo].[ProyectoTiposInversiones] ([ProyectoTiposInversionesId], [ProyectoId], [TiposInversionesId]) VALUES (37, 16, 2)
INSERT INTO [dbo].[ProyectoTiposInversiones] ([ProyectoTiposInversionesId], [ProyectoId], [TiposInversionesId]) VALUES (38, 16, 3)
INSERT INTO [dbo].[ProyectoTiposInversiones] ([ProyectoTiposInversionesId], [ProyectoId], [TiposInversionesId]) VALUES (39, 17, 1)
INSERT INTO [dbo].[ProyectoTiposInversiones] ([ProyectoTiposInversionesId], [ProyectoId], [TiposInversionesId]) VALUES (40, 17, 2)
INSERT INTO [dbo].[ProyectoTiposInversiones] ([ProyectoTiposInversionesId], [ProyectoId], [TiposInversionesId]) VALUES (41, 18, 2)
INSERT INTO [dbo].[ProyectoTiposInversiones] ([ProyectoTiposInversionesId], [ProyectoId], [TiposInversionesId]) VALUES (42, 18, 3)
INSERT INTO [dbo].[ProyectoTiposInversiones] ([ProyectoTiposInversionesId], [ProyectoId], [TiposInversionesId]) VALUES (43, 19, 1)
INSERT INTO [dbo].[ProyectoTiposInversiones] ([ProyectoTiposInversionesId], [ProyectoId], [TiposInversionesId]) VALUES (44, 19, 2)
INSERT INTO [dbo].[ProyectoTiposInversiones] ([ProyectoTiposInversionesId], [ProyectoId], [TiposInversionesId]) VALUES (45, 19, 3)
INSERT INTO [dbo].[ProyectoTiposInversiones] ([ProyectoTiposInversionesId], [ProyectoId], [TiposInversionesId]) VALUES (46, 20, 1)
INSERT INTO [dbo].[ProyectoTiposInversiones] ([ProyectoTiposInversionesId], [ProyectoId], [TiposInversionesId]) VALUES (47, 20, 2)
INSERT INTO [dbo].[ProyectoTiposInversiones] ([ProyectoTiposInversionesId], [ProyectoId], [TiposInversionesId]) VALUES (48, 21, 2)
INSERT INTO [dbo].[ProyectoTiposInversiones] ([ProyectoTiposInversionesId], [ProyectoId], [TiposInversionesId]) VALUES (49, 21, 3)
INSERT INTO [dbo].[ProyectoTiposInversiones] ([ProyectoTiposInversionesId], [ProyectoId], [TiposInversionesId]) VALUES (50, 22, 1)
INSERT INTO [dbo].[ProyectoTiposInversiones] ([ProyectoTiposInversionesId], [ProyectoId], [TiposInversionesId]) VALUES (51, 22, 2)
INSERT INTO [dbo].[ProyectoTiposInversiones] ([ProyectoTiposInversionesId], [ProyectoId], [TiposInversionesId]) VALUES (52, 22, 3)
INSERT INTO [dbo].[ProyectoTiposInversiones] ([ProyectoTiposInversionesId], [ProyectoId], [TiposInversionesId]) VALUES (53, 23, 1)
INSERT INTO [dbo].[ProyectoTiposInversiones] ([ProyectoTiposInversionesId], [ProyectoId], [TiposInversionesId]) VALUES (54, 24, 2)
INSERT INTO [dbo].[ProyectoTiposInversiones] ([ProyectoTiposInversionesId], [ProyectoId], [TiposInversionesId]) VALUES (55, 24, 3)
INSERT INTO [dbo].[ProyectoTiposInversiones] ([ProyectoTiposInversionesId], [ProyectoId], [TiposInversionesId]) VALUES (56, 25, 3)
INSERT INTO [dbo].[ProyectoTiposInversiones] ([ProyectoTiposInversionesId], [ProyectoId], [TiposInversionesId]) VALUES (57, 25, 1)
INSERT INTO [dbo].[ProyectoTiposInversiones] ([ProyectoTiposInversionesId], [ProyectoId], [TiposInversionesId]) VALUES (58, 26, 1)
INSERT INTO [dbo].[ProyectoTiposInversiones] ([ProyectoTiposInversionesId], [ProyectoId], [TiposInversionesId]) VALUES (59, 26, 2)
INSERT INTO [dbo].[ProyectoTiposInversiones] ([ProyectoTiposInversionesId], [ProyectoId], [TiposInversionesId]) VALUES (60, 26, 3)
SET IDENTITY_INSERT [dbo].[ProyectoTiposInversiones] OFF

SET IDENTITY_INSERT [dbo].[Monedero] ON
INSERT INTO [dbo].[Monedero] ([MonederoId], [Dinero], [InversorId]) VALUES (1, CAST(2579.40 AS Decimal(18, 2)), N'c8f3e769-0948-494b-b670-454bd4635408')
SET IDENTITY_INSERT [dbo].[Monedero] OFF
